run,auc,ap
vae_ssim_gpu20,0.8259004884004885,0.8883655851710484
vae_ssim+l1_gpu20,0.7920177045177045,0.8750829255683632
u-net_ssim_gpu20,0.6842338217338217,0.7718302224848522
u-net_l1_gpu20,0.6085164835164836,0.7880945248829784
vae_l1_gpu20,0.4983821733821734,0.6932252703756039
u-net_l2_gpu20,0.4892857142857143,0.6581557392912467
vae_l2_gpu20,0.37202380952380953,0.6530781237285757
u-net_ssim+l1_gpu20,0.34619963369963364,0.6113832940032277
